{
    "eventdatas": [
        {
            "tags": [
                0,
                2,
                3
            ],
            "Event_Picture": {
                "instanceID": 30660
            },
            "path": "wasteland_generic",
            "Event_Name": "빙하붕괴",
            "Event_Desc": "\"2월 4일 일요일-R.18 오전중에는 단단한 좋은 지표 위에서 발로 썰매를 끌었고 9.7마일을 갔다. 점심 직전에 예기치않게 에반스와 내가 한꺼번에 크레바스에 추락했다. 에반스는 두번째 추락이었다. 우리는 텐트를 쳤다. 점심 후 우리는 스키로 썰매를 끌며 단단하고 매끄러운 내리막을 내려갔다. 행군이 끝날 무렵 순항을 했고 총 18.1마일을 갔다. 행군 중에 대륙은 멋진 모습을 드러냈다. 나는 우회하지 않고 다윈 산으로 직행하기로 결정했다. 모든 조짐이 고원에서 최대한 빨리 벗어나야 함을 보여준다. 현재 이 지점의 기온이 극점으로 올라갈 때보다 20°F나 더 낮다. 게다가 우리 상태는 호전될 기미가 보이지 않는다. (오전의 추락으로 인해) 오직 감사한 것은 매끼 충분한 배급량 뿐이지만 그래도 허기가 완전히 채워지지 않는다. 보워즈가 언제나 활력이 넘치고 활동적이다. 더 이상 크레바스 추락으로 인한 문제가 생기지 않기를 간절히 바라고 바랄 뿐이다....",
            "effects": [],
            "event_trigger": {
                "targetID": [],
                "stat_trigger": [],
                "Trait_trigger": [],
                "geograph_trigger": [
                    2,
                    5
                ],
                "progress_trigger": [],
                "trigger_only": false,
                "rest_event": false,
                "is_evening": [],
                "daycheck": [],
                "item_limit": []
            },
            "eventchance": 0.0,
            "fire_only_once": true,
            "event_chance_var": [],
            "eventoptions": [
                {
                    "name": "\"에반스는 지금 완전히 무기력할 뿐만 아니라 손 하나 까닥할 수가 없다.\"",
                    "desc": "설명 작성중",
                    "effects": [
                        {
                            "target": {
                                "targetID": [
                                    103
                                ],
                                "stat_trigger": [],
                                "Trait_trigger": [],
                                "geograph_trigger": [],
                                "progress_trigger": [],
                                "trigger_only": false,
                                "rest_event": false,
                                "is_evening": [],
                                "daycheck": [],
                                "item_limit": []
                            },
                            "randomtarget": false,
                            "stateffect": [],
                            "traiteffect": [
                                {
                                    "name": "치명적 뇌손상",
                                    "b": true
                                }
                            ],
                            "itemeffect": [],
                            "event_effect": []
                        }
                    ],
                    "trigger": {
                        "targetID": [
                            103
                        ],
                        "stat_trigger": [],
                        "Trait_trigger": [],
                        "geograph_trigger": [],
                        "progress_trigger": [],
                        "trigger_only": false,
                        "rest_event": false,
                        "is_evening": [],
                        "daycheck": [],
                        "item_limit": []
                    },
                    "Randomized": false
                }
            ]
        },
        {
            "tags": [
                8
            ],
            "Event_Picture": {
                "instanceID": 30660
            },
            "path": "wasteland_generic",
            "Event_Name": "정찰",
            "Event_Desc": "\"가도 가도 펼쳐진 하얀 빙원을 끝없이 행군하는 것은 끔찍하게 음산한 일이다.\"<br>효율적인 행군을 위해, 주변을 가볍게 정찰하며 자유 시간을 갖기로 했다. 유용한 것을 찾아내거나, 알아낼 수 있다면 좋은 일이다.",
            "effects": [],
            "event_trigger": {
                "targetID": [],
                "stat_trigger": [],
                "Trait_trigger": [],
                "geograph_trigger": [],
                "progress_trigger": [],
                "trigger_only": true,
                "rest_event": false,
                "is_evening": [],
                "daycheck": [],
                "item_limit": []
            },
            "eventchance": 0.0,
            "fire_only_once": false,
            "event_chance_var": [],
            "eventoptions": [
                {
                    "name": "그저 주변을 둘러보며 흥미로운 것들을 찾기로 한다.",
                    "desc": "",
                    "effects": [
                        {
                            "target": {
                                "targetID": [],
                                "stat_trigger": [],
                                "Trait_trigger": [],
                                "geograph_trigger": [],
                                "progress_trigger": [],
                                "trigger_only": false,
                                "rest_event": false,
                                "is_evening": [],
                                "daycheck": [],
                                "item_limit": []
                            },
                            "randomtarget": false,
                            "stateffect": [],
                            "traiteffect": [],
                            "itemeffect": [],
                            "event_effect": []
                        }
                    ],
                    "trigger": {
                        "targetID": [],
                        "stat_trigger": [],
                        "Trait_trigger": [],
                        "geograph_trigger": [],
                        "progress_trigger": [],
                        "trigger_only": false,
                        "rest_event": false,
                        "is_evening": [],
                        "daycheck": [],
                        "item_limit": []
                    },
                    "Randomized": false
                },
                {
                    "name": "<color=#008DEA>사냥</color>",
                    "desc": "asdf",
                    "effects": [
                        {
                            "target": {
                                "targetID": [],
                                "stat_trigger": [],
                                "Trait_trigger": [],
                                "geograph_trigger": [],
                                "progress_trigger": [],
                                "trigger_only": false,
                                "rest_event": false,
                                "is_evening": [],
                                "daycheck": [],
                                "item_limit": []
                            },
                            "randomtarget": false,
                            "stateffect": [],
                            "traiteffect": [],
                            "itemeffect": [],
                            "event_effect": [
                                "사냥"
                            ]
                        }
                    ],
                    "trigger": {
                        "targetID": [],
                        "stat_trigger": [],
                        "Trait_trigger": [
                            {
                                "name": "사냥꾼",
                                "b": true
                            }
                        ],
                        "geograph_trigger": [],
                        "progress_trigger": [],
                        "trigger_only": false,
                        "rest_event": false,
                        "is_evening": [],
                        "daycheck": [],
                        "item_limit": []
                    },
                    "Randomized": true
                }
            ]
        },
        {
            "tags": [
                2,
                3
            ],
            "Event_Picture": {
                "instanceID": 30660
            },
            "path": "wasteland_generic",
            "Event_Name": "크레바스",
            "Event_Desc": "\"세시간동안 쉬지 않고 갔는데 이번에는 악성 크레바스 지대가 나타났다. 가면 갈수록 상황은 악화되었다.\"<br>앞을 향해 발을 내딛자 얼음바닥이 갑자기 푹 파이더니, 그대로 구멍이 뚫려버렸다! 갈라진 틈 사이로 검푸른, 끝을 알 수 없는 공허가 보인다.",
            "effects": [
                {
                    "target": {
                        "targetID": [],
                        "stat_trigger": [],
                        "Trait_trigger": [],
                        "geograph_trigger": [],
                        "progress_trigger": [],
                        "trigger_only": false,
                        "rest_event": false,
                        "is_evening": [],
                        "daycheck": [],
                        "item_limit": []
                    },
                    "randomtarget": false,
                    "stateffect": [
                        {
                            "stat": "HP",
                            "value": -5.0
                        }
                    ],
                    "traiteffect": [],
                    "itemeffect": [],
                    "event_effect": []
                }
            ],
            "event_trigger": {
                "targetID": [],
                "stat_trigger": [],
                "Trait_trigger": [],
                "geograph_trigger": [],
                "progress_trigger": [],
                "trigger_only": false,
                "rest_event": false,
                "is_evening": [],
                "daycheck": [],
                "item_limit": []
            },
            "eventchance": 1.0,
            "fire_only_once": false,
            "event_chance_var": [
                {
                    "trigger": {
                        "targetID": [],
                        "stat_trigger": [],
                        "Trait_trigger": [],
                        "geograph_trigger": [
                            5,
                            2
                        ],
                        "progress_trigger": [],
                        "trigger_only": false,
                        "rest_event": false,
                        "is_evening": [],
                        "daycheck": [],
                        "item_limit": []
                    },
                    "value": 5.0
                }
            ],
            "eventoptions": [
                {
                    "name": "대원중 한명이 구멍에 걸려 넘어진 충격으로 다리를 접질렀다",
                    "desc": "무작위 대원에게 \"실족\" 부여",
                    "effects": [
                        {
                            "target": {
                                "targetID": [],
                                "stat_trigger": [],
                                "Trait_trigger": [
                                    {
                                        "name": "실족",
                                        "b": false
                                    }
                                ],
                                "geograph_trigger": [],
                                "progress_trigger": [],
                                "trigger_only": false,
                                "rest_event": false,
                                "is_evening": [],
                                "daycheck": [],
                                "item_limit": []
                            },
                            "randomtarget": true,
                            "stateffect": [],
                            "traiteffect": [
                                {
                                    "name": "실족",
                                    "b": true
                                }
                            ],
                            "itemeffect": [],
                            "event_effect": []
                        }
                    ],
                    "trigger": {
                        "targetID": [],
                        "stat_trigger": [],
                        "Trait_trigger": [],
                        "geograph_trigger": [],
                        "progress_trigger": [],
                        "trigger_only": false,
                        "rest_event": false,
                        "is_evening": [],
                        "daycheck": [],
                        "item_limit": []
                    },
                    "Randomized": false
                },
                {
                    "name": "<color=#008DEA>(지질학자)이 부근에서는 자주 있는 일이기에, 크게 다친 대원은 없는 듯 하다.</color>",
                    "desc": "asdf",
                    "effects": [
                        {
                            "target": {
                                "targetID": [],
                                "stat_trigger": [],
                                "Trait_trigger": [],
                                "geograph_trigger": [],
                                "progress_trigger": [],
                                "trigger_only": false,
                                "rest_event": false,
                                "is_evening": [],
                                "daycheck": [],
                                "item_limit": []
                            },
                            "randomtarget": false,
                            "stateffect": [],
                            "traiteffect": [],
                            "itemeffect": [],
                            "event_effect": []
                        }
                    ],
                    "trigger": {
                        "targetID": [],
                        "stat_trigger": [],
                        "Trait_trigger": [
                            {
                                "name": "지질학자",
                                "b": true
                            }
                        ],
                        "geograph_trigger": [],
                        "progress_trigger": [],
                        "trigger_only": false,
                        "rest_event": false,
                        "is_evening": [],
                        "daycheck": [],
                        "item_limit": []
                    },
                    "Randomized": true
                }
            ]
        },
        {
            "tags": [
                2,
                3
            ],
            "Event_Picture": {
                "instanceID": 30660
            },
            "path": "wasteland_generic",
            "Event_Name": "보급창 도착",
            "Event_Desc": "임시",
            "effects": [
                {
                    "target": {
                        "targetID": [],
                        "stat_trigger": [],
                        "Trait_trigger": [],
                        "geograph_trigger": [],
                        "progress_trigger": [],
                        "trigger_only": false,
                        "rest_event": false,
                        "is_evening": [],
                        "daycheck": [],
                        "item_limit": []
                    },
                    "randomtarget": false,
                    "stateffect": [],
                    "traiteffect": [],
                    "itemeffect": [],
                    "event_effect": []
                }
            ],
            "event_trigger": {
                "targetID": [],
                "stat_trigger": [],
                "Trait_trigger": [],
                "geograph_trigger": [],
                "progress_trigger": [],
                "trigger_only": true,
                "rest_event": false,
                "is_evening": [],
                "daycheck": [],
                "item_limit": []
            },
            "eventchance": 0.0,
            "fire_only_once": false,
            "event_chance_var": [],
            "eventoptions": [
                {
                    "name": "asdf",
                    "desc": "asdf",
                    "effects": [
                        {
                            "target": {
                                "targetID": [],
                                "stat_trigger": [],
                                "Trait_trigger": [],
                                "geograph_trigger": [],
                                "progress_trigger": [],
                                "trigger_only": false,
                                "rest_event": false,
                                "is_evening": [],
                                "daycheck": [],
                                "item_limit": []
                            },
                            "randomtarget": false,
                            "stateffect": [],
                            "traiteffect": [
                                {
                                    "name": "실족",
                                    "b": true
                                }
                            ],
                            "itemeffect": [],
                            "event_effect": []
                        }
                    ],
                    "trigger": {
                        "targetID": [],
                        "stat_trigger": [],
                        "Trait_trigger": [],
                        "geograph_trigger": [],
                        "progress_trigger": [],
                        "trigger_only": false,
                        "rest_event": false,
                        "is_evening": [],
                        "daycheck": [],
                        "item_limit": []
                    },
                    "Randomized": false
                }
            ]
        }
    ]
}